batch	original_path	sha256	bytes	storage	canonical_path
T01	research/artifacts/candidates/opg500-root-exact/cube-prism-labels.audit.json	0aebeec2eef2582c74e419eac1c6b1f38f65acf8172bfb3afb40224d685cafd8	40891	lossless_archive_member	-
T01	research/artifacts/candidates/opg500-root-exact/cube-prism-labels.root-formula.json	9f5bbb0f54c396a680bc738c3394d4b3131f6f4e93b8e46181036f87d6620709	25246	lossless_archive_member	-
T01	research/artifacts/candidates/opg500-root-exact/k33.audit.json	ad80546a225a9aaca1e4900181f460675f70efd7cbefe79f08431855c6a72c59	14175	lossless_archive_member	-
T01	research/artifacts/candidates/opg500-root-exact/k33.root-formula.json	5ab1fd2c98508042a385f6e6b2ccd73349421cf207a7f6737e378dab31a58594	3713	lossless_archive_member	-
T01	research/artifacts/candidates/opg500-root-exact/k4.audit.json	103c574846ce545903d61f51719e23c31dde2c3a493fa0ad7d108c1037a7542d	4235	lossless_archive_member	-
T01	research/artifacts/candidates/opg500-root-exact/k4.root-formula.json	ba6e06c323a408a593209608c060a6cc689ab0588e8137dfee6d851d35dae432	1480	lossless_archive_member	-
T01	research/artifacts/candidates/opg500-root-exact/manifest.json	c746f779899c28e8df45d35ec2b196eef49ca3c77200fb56e65e513ff0b05df1	3405	lossless_archive_member	-
T01	research/artifacts/candidates/opg500-root-exact/opg500-root-exact-replay.py	fafff15d114464c60aa89850436885b6569b6a584ae90eacd8e4f167dc82e807	12679	lossless_archive_member	-
T01	research/artifacts/candidates/opg500-root-exact/petersen.audit.json	2b64be1b9b5214b05096c7b609b6e262d13ba963cffeace0ba08f6cb31f87a29	114581	lossless_archive_member	-
T01	research/artifacts/candidates/opg500-root-exact/petersen.root-formula.json	a14d83d45018d52b22876922037ed10462410da7e10214f78dcb55e92e9e2cec	48142	lossless_archive_member	-
T01	research/artifacts/candidates/opg500-root-exact/triangular-bipyramid.audit.json	f0649edf4146101aa0df7d103c4f775890f32fa88d5cc447d0f2f4ba99504a29	16229	lossless_archive_member	-
T01	research/artifacts/candidates/opg500-root-exact/triangular-bipyramid.root-formula.json	bfcbe845940265e36c8ab4660ed57b7e5022edc7105cb12b43aa32f5ca555d51	13748	lossless_archive_member	-
T01	research/artifacts/candidates/opg500-root-exact/triangular-prism.audit.json	c7f4d5d53416f5c0aa5fce19df0810fe603458c2478138afe627b0066e6fadac	13771	lossless_archive_member	-
T01	research/artifacts/candidates/opg500-root-exact/triangular-prism.root-formula.json	3cbc598299edf4372b5d6e1adf6d898234ae3bf8ad3da3f0d53e036f67d45ce1	6321	lossless_archive_member	-
T01	research/artifacts/candidates/opg500-root-exact/wheel-rim5.audit.json	cff22c01c7f5c073965686c2728737127a4f1d8a1812498fb1f45edfbf01c4fe	18876	lossless_archive_member	-
T01	research/artifacts/candidates/opg500-root-exact/wheel-rim5.root-formula.json	fe01ec3617594f498eee582ba7df2f297e492e0b295d13babdb903e64056f789	13398	lossless_archive_member	-
T02	research/artifacts/candidates/opg500-r08-tight-obstruction/artifact-digests.json	63f8e1ad2b872eac41aa0f71a522bc35b752ef4f7364a60538bdd35b49121480	4105	lossless_archive_member	-
T02	research/artifacts/candidates/opg500-r08-tight-obstruction/check.py	0aa5bb4960069c0c84c984ca114d14f9d219dbd8cbcb704ffffa473e8b7fa9d1	14691	lossless_archive_member	-
T02	research/artifacts/candidates/opg500-r08-tight-obstruction/formalization-and-checkpoint.json	b97ce6d75634cd2385cecfc71da95b377b2955db87b05229a2b23fde3c9d5794	2381	lossless_archive_member	-
T02	research/artifacts/candidates/opg500-r08-tight-obstruction/generator-execution.json	7a60c1e0161e30a19d895b86741218d4f3c8a8ac7017a4ea60d15e1792664ecd	188	lossless_archive_member	-
T02	research/artifacts/candidates/opg500-r08-tight-obstruction/graph-and-cycle-audit.json	654baedec2f52d31f2b2fc64bc090a9491605262285a2d611a29cf5945d8fee4	30326	lossless_archive_member	-
T02	research/artifacts/candidates/opg500-r08-tight-obstruction/manifest.json	c0a79a41aae407893b4eb31dc2be5af1e0bc1d24f5fcfcaaeaa5240c8d90ff4a	1120	lossless_archive_member	-
T02	research/artifacts/candidates/opg500-r08-tight-obstruction/optional_smt_replay.py	1890c7cb90bce77349ebb7138fd3c89caae2da00963d7a82decf442449cdf21d	3152	lossless_archive_member	-
T02	research/artifacts/candidates/opg500-r08-tight-obstruction/proof.md	2596e71dd041b84bd7ea4930355bba976964855a50e6df98617dff2946c286c4	8294	lossless_archive_member	-
T02	research/artifacts/candidates/opg500-r08-tight-obstruction/read-only-repository-observation.json	8bdc95944edfc26bb790a0e9533dea7eaa781f68415d2b3b9c91ee8098205485	479	lossless_archive_member	-
T02	research/artifacts/candidates/opg500-r08-tight-obstruction/root-checkpoint.json	6a08c1f7fdb3b5383f20472dc588d82f0c4d499b0bbfdfcd6bdc67390205a749	11202	lossless_archive_member	-
T02	research/artifacts/candidates/opg500-r08-tight-obstruction/root-clauses-01.json	8d116225c8b689f73a96c488706df78d087282b9301fcd0a9b569c08d5af0d47	631136	lossless_archive_member	-
T02	research/artifacts/candidates/opg500-r08-tight-obstruction/root-formula.smt2	882a29304e8a635585a97887938715cff4204d1111d0e1170a26ef4d37b109a0	324211	lossless_archive_member	-
T02	research/artifacts/candidates/opg500-r08-tight-obstruction/sample-witness-audits.json	5df61e5e4f7c1b276c653b3ecd44babf42b4839de5b543082c34ebd5ec9183fd	22121	lossless_archive_member	-
T02	research/artifacts/candidates/opg500-r08-tight-obstruction/separate-check-execution.json	884af2ea925f2657a2ded173e51de71785bd28d1613027b5b3e8099b8d02ccbf	99	lossless_archive_member	-
T02	research/artifacts/candidates/opg500-r08-tight-obstruction/separate-check-report.json	4b0a3a504885e63f5801b464a541be0e3b49d96f9a2bb73649c906f987f72c5b	607	lossless_archive_member	-
T02	research/artifacts/candidates/opg500-r08-tight-obstruction/smt-invocation-candidate.json	a741fa9506535cbd25d33757d4d297336c6d116b52f9863677944cb3c72f048b	1149	lossless_archive_member	-
T02	research/artifacts/candidates/opg500-r08-tight-obstruction/smt-replay-candidate.json	bad32efdbf260158e74a465b90a4e0aad69771d742d0d2f7880b0151f4a175b3	178	lossless_archive_member	-
T02	research/artifacts/candidates/opg500-r08-tight-obstruction/tight-pattern-certificate.json	0a74d445c1f3adcdfdd2a78f9f99ca08a678dc4a1903095343c2929eeb004d71	42217	lossless_archive_member	-
T02	research/artifacts/candidates/opg500-r08-tight-obstruction/verify_certificate.py	cb61d67ab6a02b57c4449d15767d2ddc2daa81189ca7b6d3f4074596dd9c1957	8742	lossless_archive_member	-
T03	research/artifacts/candidates/opg500-a01-resume-resolution-v1/MinimalOutside.lean	da0d6961409868b672eb68869fa8f37bd245f1df5c741a72fb51a0c27f3374c9	1558	lossless_archive_member	-
T03	research/artifacts/candidates/opg500-a01-resume-resolution-v1/README.md	e8eebdc44e64b01d71081149f672babfed554321459f7d66d09dbfaa9cc5bcdd	2714	lossless_archive_member	-
T03	research/artifacts/candidates/opg500-a01-resume-resolution-v1/Resolution.lean	547f0f3b66ad042b4c9379df93e61c45933decb7056b34c853881e7524a951c4	18035	lossless_archive_member	-
T03	research/artifacts/candidates/opg500-a01-resume-resolution-v1/ambient-graph-audit.json	97473f7d9159316e0ed0035ef3e25db1b3e9abb5a00755a0012372db69f77658	2338	lossless_archive_member	-
T03	research/artifacts/candidates/opg500-a01-resume-resolution-v1/artifact-digests.json	b85b816b65d23d030a0fbe19e993638e50a664a3742c96e415a191c4eb63e304	6241	lossless_archive_member	-
T03	research/artifacts/candidates/opg500-a01-resume-resolution-v1/check.py	2419fb5c30bd3ded07ff516bab70103a5b22c83d25b22bd9e30b0ad30b5539fc	10843	existing_repository_file	research/artifacts/candidates/opg500-a01-c09/check.py
T03	research/artifacts/candidates/opg500-a01-resume-resolution-v1/check_resolution_terms.py	75d64eea85b02744137d1b3f000f144cf2608322d44113c32d7d0d6d9a034d75	8910	lossless_archive_member	-
T03	research/artifacts/candidates/opg500-a01-resume-resolution-v1/check_witness.py	86ab7f7120c8ee272225dd3ffd2811a982fa716fce1c2b6c502de375efdae602	5730	lossless_archive_member	-
T03	research/artifacts/candidates/opg500-a01-resume-resolution-v1/checkpoint.json	962bde2d9a5bfe030284eeff4041f6e5466460410b65dd5e7677a61d5ceca3da	4400	lossless_archive_member	-
T03	research/artifacts/candidates/opg500-a01-resume-resolution-v1/execution.json	d61637b08e5fe960bafe8603e1ac3fc485cfe4f0e24bc05b8a8a7484b85b5cb7	10415	lossless_archive_member	-
T03	research/artifacts/candidates/opg500-a01-resume-resolution-v1/extraction-tests.json	f38a173487e7b9bcf380144f19ced1a66d2d1a8f1ff01ccd0770f22d8873d1cc	129800	lossless_archive_member	-
T03	research/artifacts/candidates/opg500-a01-resume-resolution-v1/finite-realization-check.json	c8a2d1f22856c662c0a152c4db6b9876050d88fb9c8efeea2a47738b4040c2cd	647	lossless_archive_member	-
T03	research/artifacts/candidates/opg500-a01-resume-resolution-v1/finite-realization.md	19f8bae69e8831b0ce4309993d2ec1718587a249b3209c1dac604f9455a3b984	3249	lossless_archive_member	-
T03	research/artifacts/candidates/opg500-a01-resume-resolution-v1/finite_realization_check.py	c29e54cd233927f893e590983f16cc19143658e7160dc0dc2ebcd60765b8927a	3465	lossless_archive_member	-
T03	research/artifacts/candidates/opg500-a01-resume-resolution-v1/formalization-map.md	d547264e3ea7051eae37f1248be9c2cb0911c0b059c57ddfa73cbb96bfd61c19	6880	lossless_archive_member	-
T03	research/artifacts/candidates/opg500-a01-resume-resolution-v1/graph-audit.json	1a1af9658cfcbc30f6312d83e1b8641dc82d95055a62d271c977a4038461ae35	16392	lossless_archive_member	-
T03	research/artifacts/candidates/opg500-a01-resume-resolution-v1/issue-checkpoint.md	c0fb753992a091de125f8f49d98e48dd1e5f12cad6c9e348020b037ab4627a5e	2100	lossless_archive_member	-
T03	research/artifacts/candidates/opg500-a01-resume-resolution-v1/mutation.json	7dd0ed737acfc342578c2e1b90814a60967bc461d07f40b3e90ef677f467072a	549	lossless_archive_member	-
T03	research/artifacts/candidates/opg500-a01-resume-resolution-v1/packet-draft.json	953bf15e40aa5430d8ef7c809cb2f6323b010a86799aa656f9e42774eeb448a1	13449	lossless_archive_member	-
T03	research/artifacts/candidates/opg500-a01-resume-resolution-v1/packet-local-validation.json	f462c5398a5241db71b88c7166f593e381586b30f8686a6fd5deb45e8ddf986c	494	lossless_archive_member	-
T03	research/artifacts/candidates/opg500-a01-resume-resolution-v1/resolution-check.json	7994e73b9ffd3616b7164780d5c3ef0af13560de30c11bc2396776952636e472	676	lossless_archive_member	-
T03	research/artifacts/candidates/opg500-a01-resume-resolution-v1/resolution-proof.json	b9a91e813c62a4a1f503b8d09f3a8b22a9226a3627c04a7e67dd4a3517cda3b7	3618	lossless_archive_member	-
T03	research/artifacts/candidates/opg500-a01-resume-resolution-v1/resolution-term-check.json	f7f5d17aeeead8d11c2965e4f1246ba33f82d7d14fd15d91b6cfbc6d64d25640	848	lossless_archive_member	-
T03	research/artifacts/candidates/opg500-a01-resume-resolution-v1/resolution_replay.py	2661468b025b9a8d0d4c5149cd8cf0ad1f6d3df233a33d999c489fbe67376d92	7311	lossless_archive_member	-
T03	research/artifacts/candidates/opg500-a01-resume-resolution-v1/unsat-tree.json	b7f6bb1aaa032313232be769f83f0a8e3862b852095e868f25ff82506b2d73be	1761	existing_repository_file	research/artifacts/candidates/opg500-a01-c09/unsat-tree.json
T03	research/artifacts/candidates/opg500-a01-resume-resolution-v1/witness-check-optimized.json	d0992e395a9ade94a0fe7c1283e03f97d1f8fdbd3fc66faaa0c6e061fd62c262	818	lossless_archive_member	-
T03	research/artifacts/candidates/opg500-a01-resume-resolution-v1/witness-check.json	dcd7b21cd8606bfb0e73a78b7e4bdd1170e1d0af41453853e336ca2b9e0227bc	819	lossless_archive_member	-
T03	research/artifacts/candidates/opg500-a01-resume-resolution-v1/witness_extractor.py	b414311da20588cc3270438bfb1578eab344ac3d10738d4f6cb7343b1f3f566e	8298	lossless_archive_member	-
T03	research/artifacts/source-notes/opg500-resume-resolution-v1-source.md	267afcdb9a892cfc2808a4cd161331b09053814c8f8b33ae857d971b0add7554	2547	lossless_archive_member	-
